Title,Company,Duration,Stipend,URL
Full Stack Development,Site Guru,6 Months,"₹ 8,500 - 17,000 /month",https://internshala.com/internship/detail/work-from-home-full-stack-development-internship-at-site-guru1747483083
Full Stack Development,Aadhvik Technologies,1 Month,"₹ 1,000 - 2,000 /month",https://internshala.com/internship/detail/work-from-home-part-time-full-stack-development-internship-at-aadhvik-technologies1747413351
Full Stack Development,Yoliday LLP,3 Months,"₹ 5,000 - 5,500 /month",https://internshala.com/internship/detail/work-from-home-full-stack-development-internship-at-yoliday-llp1747391516
Full Stack Development,Eclypse,2 Months,"₹ 1,000 - 7,500 /month",https://internshala.com/internship/detail/work-from-home-full-stack-development-internship-at-eclypse1747378317
Full Stack Development,Gobananas,6 Months,"₹ 10,000 /month",https://internshala.com/internship/detail/work-from-home-full-stack-development-internship-at-gobananas1747314823
Full Stack Development,Factech Automation Solutions Private Limited,3 Months,"₹ 5,000 - 10,000 /month",https://internshala.com/internship/detail/work-from-home-full-stack-development-internship-at-factech-automation-solutions-private-limited1747212274
Full Stack Development,NDFM Business World Pvt. Ltd.,6 Weeks,"₹ 15,000 - 40,000 /month",https://internshala.com/internship/detail/work-from-home-full-stack-development-internship-at-ndfm-business-world-pvt-ltd1747209954
Full Stack Development,CyberXchange Private Limited,2 Months,"₹ 1,000 - 5,000 /month",https://internshala.com/internship/detail/work-from-home-full-stack-development-internship-at-cyberxchange-private-limited1747133512
Full Stack Development,FlowLaunch,6 Months,"₹ 5,000 /month",https://internshala.com/internship/detail/work-from-home-full-stack-development-internship-at-flowlaunch1747032980
Full Stack Development,Alkraj Developers Private Limited,3 Months,"₹ 4,000 - 5,000 /month",https://internshala.com/internship/detail/work-from-home-part-time-full-stack-development-internship-at-alkraj-developers-private-limited1747024822
Full Stack Development,Sports Aid,2 Months,"₹ 35,000 - 45,000 /month",https://internshala.com/internship/detail/work-from-home-full-stack-development-internship-at-fateh-singh-aurora1747023263
Full Stack Development,Otus AI,2 Months,"₹ 15,000 - 15,001 /month",https://internshala.com/internship/detail/work-from-home-full-stack-development-internship-at-otus-ai1746720571
Full Stack Development,DeepNexus.in,5 Months,"₹ 17,000 - 23,000 /month",https://internshala.com/internship/detail/work-from-home-full-stack-development-internship-at-deepnexus-s1746624088
Full Stack Development,RevoltronX,6 Months,"₹ 2,000 - 5,000 /month",https://internshala.com/internship/detail/work-from-home-full-stack-development-internship-at-revoltronx1746566338
Full Stack Development,Louder World,6 Months,"₹ 8,000 - 12,000 /month",https://internshala.com/internship/detail/full-stack-development-internship-in-delhi-at-louder-world1746536303
Full Stack Development,Oddmind Innovations,2 Months,"₹ 5,000 - 7,500 /month",https://internshala.com/internship/detail/work-from-home-full-stack-development-internship-at-oddmind-innovations1746531162
Full Stack Development,Naksh Jewels,3 Months,"₹ 4,000 - 7,000 /month",https://internshala.com/internship/detail/work-from-home-reactjs-development-internship-at-naksh-jewels1746514875
Full Stack Development,WebTree Global Private Limited,3 Months,"₹ 1,001 - 12,000 /month",https://internshala.com/internship/detail/work-from-home-full-stack-development-internship-at-webtree-global-private-limited1746507640
Full Stack Development,Brihat Infotech Private Limited,3 Months,"₹ 3,000 - 4,000 /month",https://internshala.com/internship/detail/work-from-home-full-stack-development-internship-at-brihat-infotech-private-limited1746422856
